{
    "AWSTemplateFormatVersion": "2010-09-09",
    "Resources": {

        
        "sampleApplication": {
            "Type": "AWS::ElasticBeanstalk::Application",
            "Properties": {
                "Description": "AWS Elastic Beanstalk Sample Application"
            }
        },
        "sampleApplicationVersion": {
            "Type": "AWS::ElasticBeanstalk::ApplicationVersion",
            "Properties": {
                "ApplicationName": {
                    "Ref": "sampleApplication"
                },
                "Description": "AWS ElasticBeanstalk Sample Application Version",
                "SourceBundle": {
                    "S3Bucket": {
                        "Fn::Sub": "yashtherudra"
                    },
                    "S3Key": "sgnapp_02_nov_mysql.zip"
                }
            }
        },
        "sampleConfigurationTemplate": {
            "Type": "AWS::ElasticBeanstalk::ConfigurationTemplate",
            "Properties": {
                "ApplicationName": {
                    "Ref": "sampleApplication"
                },
                "Description": "AWS ElasticBeanstalk Sample Configuration Template",
                "OptionSettings": [
                    {
                        "Namespace": "aws:autoscaling:asg",
                        "OptionName": "MinSize",
                        "Value": "1"
                    },
                    {
                        "Namespace": "aws:autoscaling:asg",
                        "OptionName": "MaxSize",
                        "Value": "4"
                    },
                    {
                        "Namespace": "aws:elasticbeanstalk:environment",
                        "OptionName": "EnvironmentType",
                        "Value": "LoadBalanced"
                    },
                    {
                        "Namespace": "aws:autoscaling:launchconfiguration",
                        "OptionName": "IamInstanceProfile",
                        "Value": {
                            "Ref": "MyInstanceProfile"
                        }
                    }
                ],
                "SolutionStackName": "64bit Amazon Linux 2 v3.3.6 running Python 3.8"
            }
        },
        "sampleEnvironment": {
            "Type": "AWS::ElasticBeanstalk::Environment",
            "Properties": {
                "ApplicationName": {
                    "Ref": "sampleApplication"
                },
                "Description": "AWS ElasticBeanstalk Sample Environment",
                "TemplateName": {
                    "Ref": "sampleConfigurationTemplate"
                },
                "VersionLabel": {
                    "Ref": "sampleApplicationVersion"
                }
            }
        },
        "MyInstanceRole": {
            "Type": "AWS::IAM::Role",
            "Properties": {
                "AssumeRolePolicyDocument": {
                    "Version": "2012-10-17",
                    "Statement": [
                        {
                            "Effect": "Allow",
                            "Principal": {
                                "Service": [
                                    "ec2.amazonaws.com"
                                ]
                            },
                            "Action": [
                                "sts:AssumeRole"
                            ]
                        }
                    ]
                },
                "Description": "Beanstalk EC2 role",
                "ManagedPolicyArns": [
                    "arn:aws:iam::aws:policy/AWSElasticBeanstalkWebTier",
                    "arn:aws:iam::aws:policy/AWSElasticBeanstalkMulticontainerDocker",
                    "arn:aws:iam::aws:policy/AWSElasticBeanstalkWorkerTier"
                ]
            }
        },
        "MyInstanceProfile": {
            "Type": "AWS::IAM::InstanceProfile",
            "Properties": {
                "Roles": [
                    {
                        "Ref": "MyInstanceRole"
                    }
                ]
            }
        }
    }
}